III,GC,A,G,T,C
CTGAGCAGTA,0.5,0.3,0.3,0.2,0.2
AAGAGTAGTA,0.3,0.5,0.3,0.2,0
CTGAGCAGCA,0.6,0.3,0.3,0.1,0.3
AAGAGTAGCA,0.4,0.5,0.3,0.1,0.1
CTGAGCCAAT,0.5,0.3,0.2,0.2,0.3
AAGAGTCAAT,0.3,0.5,0.2,0.2,0.1
CTGAGCGAAA,0.5,0.4,0.3,0.1,0.2
CTGAGCTAGT,0.5,0.2,0.3,0.3,0.2
GGAAGTAGTA,0.4,0.4,0.4,0.2,0
GGAAGAAGTA,0.4,0.5,0.4,0.1,0
AAGTAGAGTA,0.3,0.5,0.3,0.2,0
CTGAGCTACG,0.6,0.2,0.3,0.2,0.3
CTGAGCAGAA,0.5,0.4,0.3,0.1,0.2
TGAAACAGTA,0.3,0.5,0.2,0.2,0.1
CTGAGCTTAT,0.4,0.2,0.2,0.4,0.2
AAGAGTGAAA,0.3,0.6,0.3,0.1,0
CTGAGCATCT,0.5,0.2,0.2,0.3,0.3
AGGGCTAGTA,0.5,0.3,0.4,0.2,0.1
GGAGTAAGTA,0.4,0.4,0.4,0.2,0
AGAGGAAGTA,0.4,0.5,0.4,0.1,0
CTGAGCACTC,0.6,0.2,0.2,0.2,0.4
AAGAAAAGTA,0.2,0.7,0.2,0.1,0
CTGAGCGTAA,0.5,0.3,0.3,0.2,0.2
TGGGTAAGTA,0.4,0.3,0.4,0.3,0
AAGAGTTAGT,0.3,0.4,0.3,0.3,0
GGAGAAAGTA,0.4,0.5,0.4,0.1,0
TAGGAAAGTA,0.3,0.5,0.3,0.2,0
AAGAGTATCT,0.3,0.4,0.2,0.3,0.1
CTGAGCAACA,0.5,0.4,0.2,0.1,0.3
ATGTGGAGTA,0.4,0.3,0.4,0.3,0
AGAATCAGTA,0.3,0.5,0.2,0.2,0.1
CTGAGCGATT,0.5,0.2,0.3,0.3,0.2
AAGAGTAGAA,0.3,0.6,0.3,0.1,0
AGAGGCAGTA,0.5,0.4,0.4,0.1,0.1
AAGAGTTACG,0.4,0.4,0.3,0.2,0.1
AAGAGTTTAT,0.2,0.4,0.2,0.4,0
TAGGACAGTA,0.4,0.4,0.3,0.2,0.1
CTGAGCATCG,0.6,0.2,0.3,0.2,0.3
AAGAGAAGTA,0.3,0.6,0.3,0.1,0
CTGAGCATTA,0.4,0.3,0.2,0.3,0.2
AAGAGCAGTA,0.4,0.5,0.3,0.1,0.1
CTGAGCAATT,0.4,0.3,0.2,0.3,0.2
AAGAGTACTC,0.4,0.4,0.2,0.2,0.2
AAGAGTGTAA,0.3,0.5,0.3,0.2,0
TTGAGGAGTA,0.4,0.3,0.4,0.3,0
CGAAGAAGTA,0.4,0.5,0.3,0.1,0.1
AAGAGTGATT,0.3,0.4,0.3,0.3,0
CTGAGCGTAG,0.6,0.2,0.4,0.2,0.2
CTGAGCATCA,0.5,0.3,0.2,0.2,0.3
CTGAGCTATA,0.4,0.3,0.2,0.3,0.2
GGAGATAGTA,0.4,0.4,0.4,0.2,0
AAGAGTAATT,0.2,0.5,0.2,0.3,0
AAGAACAGTA,0.3,0.6,0.2,0.1,0.1
CTGAGCTAAT,0.4,0.3,0.2,0.3,0.2
CTGAGCACGA,0.6,0.3,0.3,0.1,0.3
TGAAGGAGTA,0.4,0.4,0.4,0.2,0
CGGAACTTAT,0.4,0.3,0.2,0.3,0.2
AGGGAAAGTA,0.4,0.5,0.4,0.1,0
GAGGTGAGTA,0.5,0.3,0.5,0.2,0
CTGAGCAGGC,0.7,0.2,0.4,0.1,0.3
GGAAGAAGCA,0.5,0.5,0.4,0,0.1
AAGAGTATTA,0.2,0.5,0.2,0.3,0
CTGAGCATTC,0.5,0.2,0.2,0.3,0.3
AAGAGTAACA,0.3,0.6,0.2,0.1,0.1
CTGAGCATGA,0.5,0.3,0.3,0.2,0.2
TAGGATAGTA,0.3,0.4,0.3,0.3,0
CTGAGCTATG,0.5,0.2,0.3,0.3,0.2
TGAAGAAGTA,0.3,0.5,0.3,0.2,0
CGGGAGAGTA,0.6,0.3,0.5,0.1,0.1
CTGAGCAAGA,0.5,0.4,0.3,0.1,0.2
CTGAGCTAGC,0.6,0.2,0.3,0.2,0.3
CTGAGCAGAT,0.5,0.3,0.3,0.2,0.2
AAGAGTGTAG,0.4,0.4,0.4,0.2,0
CTGAGCAGAG,0.6,0.3,0.4,0.1,0.2
CTGAGCAGTC,0.6,0.2,0.3,0.2,0.3
TGAGCATTAA,0.3,0.4,0.2,0.3,0.1
CTGAGCCAAA,0.5,0.4,0.2,0.1,0.3
AAGAGTTATA,0.2,0.5,0.2,0.3,0
AAGAGTATCG,0.4,0.4,0.3,0.2,0.1
CTGAGCACAA,0.5,0.4,0.2,0.1,0.3
CTGAGCCAGA,0.6,0.3,0.3,0.1,0.3
GGAGACAGTA,0.5,0.4,0.4,0.1,0.1
AAGAGTTAGC,0.4,0.4,0.3,0.2,0.1
AAGAGTATGA,0.3,0.5,0.3,0.2,0
AAGAGTAGGC,0.5,0.4,0.4,0.1,0.1
GGAAGCAGTA,0.5,0.4,0.4,0.1,0.1
AAGAGTCAAA,0.3,0.6,0.2,0.1,0.1
AGAGGAAGCA,0.5,0.5,0.4,0,0.1
AAGAGTATCA,0.3,0.5,0.2,0.2,0.1
ATGTGGGAGT,0.5,0.2,0.5,0.3,0
CTGAGCATGG,0.6,0.2,0.4,0.2,0.2
GGAAGATAGT,0.4,0.4,0.4,0.2,0
AAGAGTTAAT,0.2,0.5,0.2,0.3,0
CTGAGCTAGA,0.5,0.3,0.3,0.2,0.2
TAGGACAGCA,0.5,0.4,0.3,0.1,0.2
CGAAGGAGTA,0.5,0.4,0.4,0.1,0.1
CTGAGCGATA,0.5,0.3,0.3,0.2,0.2
AAGAGTACGA,0.4,0.5,0.3,0.1,0.1
TGAAACCAAT,0.3,0.5,0.1,0.2,0.2
CTGAGCTAAA,0.4,0.4,0.2,0.2,0.2
AAGAGTACAA,0.3,0.6,0.2,0.1,0.1
AAGAGTATTC,0.3,0.4,0.2,0.3,0.1
CTGAGCATGC,0.6,0.2,0.3,0.2,0.3
AAGAGTAGAG,0.4,0.5,0.4,0.1,0
CTGAGCGGGA,0.7,0.2,0.5,0.1,0.2
AAGAGTAAGA,0.3,0.6,0.3,0.1,0
TCGCGAAGTA,0.5,0.3,0.3,0.2,0.2
GGAGTAACTC,0.5,0.3,0.3,0.2,0.2
AGAAGAAGTA,0.3,0.6,0.3,0.1,0
AGAGGACAAT,0.4,0.5,0.3,0.1,0.1
GGAAGTCAAT,0.4,0.4,0.3,0.2,0.1
CTGAGCACGT,0.6,0.2,0.3,0.2,0.3
GGAGAACAAT,0.4,0.5,0.3,0.1,0.1
AAGAGTAGTC,0.4,0.4,0.3,0.2,0.1
AGGGCTCAAT,0.5,0.3,0.3,0.2,0.2
AAGAGTAGAT,0.3,0.5,0.3,0.2,0
TGGGGCAGTA,0.6,0.2,0.5,0.2,0.1
AAGAGTTAGA,0.3,0.5,0.3,0.2,0
GGAAGTGAAA,0.4,0.5,0.4,0.1,0
AAGGGAAGTA,0.4,0.5,0.4,0.1,0
TGGGTACAAT,0.4,0.3,0.3,0.3,0.1
AAGAGGAGTA,0.4,0.5,0.4,0.1,0
AAGAGTCAGA,0.4,0.5,0.3,0.1,0.1
AGAATCCAAT,0.3,0.5,0.1,0.2,0.2
CTGAGCAGGA,0.6,0.3,0.4,0.1,0.2
AAGAGTTAAA,0.2,0.6,0.2,0.2,0
AAGTAGCAAT,0.3,0.5,0.2,0.2,0.1
TGAAATAGTA,0.2,0.5,0.2,0.3,0
TGAAACAGAA,0.3,0.6,0.2,0.1,0.1
TGAGCACAAT,0.4,0.4,0.2,0.2,0.2
TAGGACCAAT,0.4,0.4,0.2,0.2,0.2
TTGAGGAGCA,0.5,0.3,0.4,0.2,0.1
TGAAACTAGT,0.3,0.4,0.2,0.3,0.1
GGAGTACAAT,0.4,0.4,0.3,0.2,0.1
TAGGAACAAT,0.3,0.5,0.2,0.2,0.1
TAGGAATAGT,0.3,0.4,0.3,0.3,0
AAGAAACAAT,0.2,0.7,0.1,0.1,0.1
AAGAGTGATA,0.3,0.5,0.3,0.2,0
CTGAGCTGGC,0.7,0.1,0.4,0.2,0.3
CTGAGCAGTG,0.6,0.2,0.4,0.2,0.2
AAGAGTATGG,0.4,0.4,0.4,0.2,0
AAGTAGAGAA,0.3,0.6,0.3,0.1,0
CGAAGTAGTA,0.4,0.4,0.3,0.2,0.1
ATAGCGAGTA,0.4,0.4,0.3,0.2,0.1
GGAAGTTACG,0.5,0.3,0.4,0.2,0.1
TGAAGATTAT,0.2,0.4,0.2,0.4,0
ATGTGGGTAA,0.4,0.3,0.4,0.3,0
CTGAGCATAA,0.4,0.4,0.2,0.2,0.2
TGAAAGAGAA,0.3,0.6,0.3,0.1,0
AAGAGTATGC,0.4,0.4,0.3,0.2,0.1
GGAAGACAAT,0.4,0.5,0.3,0.1,0.1
AGAATCAGAA,0.3,0.6,0.2,0.1,0.1
AGAGGCCAAT,0.5,0.4,0.3,0.1,0.2
CTGAGCAATA,0.4,0.4,0.2,0.2,0.2
TGAAAAATTC,0.2,0.5,0.1,0.3,0.1
TGAAGACAAT,0.3,0.5,0.2,0.2,0.1
AGAGGAGATT,0.4,0.4,0.4,0.2,0
GGAGTATTAT,0.3,0.3,0.3,0.4,0
ATGTGGCAAT,0.4,0.3,0.3,0.3,0.1
TGGGGTAGTA,0.5,0.2,0.5,0.3,0
CTGAGCAAGC,0.6,0.3,0.3,0.1,0.3
TAGGAAGAAA,0.3,0.6,0.3,0.1,0
AGGGAATTAT,0.3,0.4,0.3,0.3,0
GGAGTAGATA,0.4,0.4,0.4,0.2,0
TGAGAGGAAT,0.4,0.4,0.4,0.2,0
AGGGAACAAT,0.4,0.5,0.3,0.1,0.1
GGAAGAGAAA,0.4,0.6,0.4,0,0
TAGGATAAGA,0.3,0.5,0.3,0.2,0
AAGGAGAGTA,0.4,0.5,0.4,0.1,0
AGGGGTAGTA,0.5,0.3,0.5,0.2,0
AAGAGTGGGA,0.5,0.4,0.5,0.1,0
AGAATTAGTA,0.2,0.5,0.2,0.3,0
TTGAGGCAAT,0.4,0.3,0.3,0.3,0.1
TGAAGAGAAA,0.3,0.6,0.3,0.1,0
AAGGGTAGTA,0.4,0.4,0.4,0.2,0
AGAGGAACTC,0.5,0.4,0.3,0.1,0.2
AGAGGAATCG,0.5,0.4,0.4,0.1,0.1
CTGAGCGAAT,0.5,0.3,0.3,0.2,0.2
AAGAGCCAAT,0.4,0.5,0.2,0.1,0.2
TGAAGGCAAT,0.4,0.4,0.3,0.2,0.1
TGGGTAGAAA,0.4,0.4,0.4,0.2,0
AAGAGTAGGA,0.4,0.5,0.4,0.1,0
AGAATCATGG,0.4,0.4,0.3,0.2,0.1
AGAAACGTAT,0.3,0.5,0.2,0.2,0.1
CGAAGATTAT,0.3,0.4,0.2,0.3,0.1
AAGAACGAAA,0.3,0.7,0.2,0,0.1
AAGAGTACGT,0.4,0.4,0.3,0.2,0.1
AGAATCTAGT,0.3,0.4,0.2,0.3,0.1
CGGAATATCA,0.4,0.4,0.2,0.2,0.2
TAGGATATCA,0.3,0.4,0.2,0.3,0.1
TGAAGATAGC,0.4,0.4,0.3,0.2,0.1
AAGAAAAAGA,0.2,0.8,0.2,0,0
AAGAACCGAT,0.4,0.5,0.2,0.1,0.2
AAGAGAATGA,0.3,0.6,0.3,0.1,0
AAGAGTTTAG,0.3,0.4,0.3,0.3,0
AGAATCTAAA,0.2,0.6,0.1,0.2,0.1
AGAGGAGTAA,0.4,0.5,0.4,0.1,0
GGAAGTGATT,0.4,0.3,0.4,0.3,0
GGGGTAATCA,0.5,0.3,0.4,0.2,0.1
AAGAACCAAT,0.3,0.6,0.1,0.1,0.2
AAGTAGATTA,0.2,0.5,0.2,0.3,0
ATGTGGATGA,0.4,0.3,0.4,0.3,0
GGAAGTACTC,0.5,0.3,0.3,0.2,0.2
AAGGAAAGTA,0.3,0.6,0.3,0.1,0
CTGAGCCAAG,0.6,0.3,0.3,0.1,0.3
TTGAGGGAAA,0.4,0.4,0.4,0.2,0
AAGAACATCG,0.4,0.5,0.2,0.1,0.2
AGAGGAGAAA,0.4,0.6,0.4,0,0
AAGTAGGAAA,0.3,0.6,0.3,0.1,0
ATGTGGAGGT,0.5,0.2,0.5,0.3,0
GGAGATGAAA,0.4,0.5,0.4,0.1,0
GAGGTGTAGT,0.5,0.2,0.5,0.3,0
GGGGTAATAA,0.4,0.4,0.4,0.2,0
ATGTGGTAGT,0.4,0.2,0.4,0.4,0
CTGAGCTTAG,0.5,0.2,0.3,0.3,0.2
AAGAACATTA,0.2,0.6,0.1,0.2,0.1
AAGTAGACTC,0.4,0.4,0.2,0.2,0.2
ATAGCGTATA,0.3,0.4,0.2,0.3,0.1
GGAGAATAGT,0.4,0.4,0.4,0.2,0
GGAGACAGAG,0.6,0.4,0.5,0,0.1
TAGGAAAGAA,0.3,0.6,0.3,0.1,0
TGAGAAAACA,0.3,0.6,0.2,0.1,0.1
AAGTAGAACA,0.3,0.6,0.2,0.1,0.1
GGAGAAACTC,0.5,0.4,0.3,0.1,0.2
GGGGTATACG,0.6,0.2,0.5,0.2,0.1
TGAAACTACG,0.4,0.4,0.2,0.2,0.2
AAGAGTTGAG,0.4,0.4,0.4,0.2,0
AAGTAGTAGT,0.3,0.4,0.3,0.3,0
AGGGGCAAAG,0.6,0.4,0.5,0,0.1
CGAAGATACG,0.5,0.4,0.3,0.1,0.2
TAGGAAGATT,0.3,0.4,0.3,0.3,0
TGGGTAATTA,0.3,0.3,0.3,0.4,0
TTGAGGATCA,0.4,0.3,0.3,0.3,0.1
AAGAGACAAT,0.3,0.6,0.2,0.1,0.1
AAGAGAGAAA,0.3,0.7,0.3,0,0
AGAATCAGAG,0.4,0.5,0.3,0.1,0.1
AGAATCATCG,0.4,0.4,0.2,0.2,0.2
AGAATCTACG,0.4,0.4,0.2,0.2,0.2
AGGCAGACGC,0.7,0.3,0.4,0,0.3
ATGTGGAGAA,0.4,0.4,0.4,0.2,0
GGAAGAAGAA,0.4,0.6,0.4,0,0
TAGGACTAAT,0.3,0.4,0.2,0.3,0.1
TAGGACTTAT,0.3,0.3,0.2,0.4,0.1
TGAAACTAAA,0.2,0.6,0.1,0.2,0.1
TGAAGATAGT,0.3,0.4,0.3,0.3,0
TGGGTATAGT,0.4,0.2,0.4,0.4,0
AAGAGTTGGC,0.5,0.3,0.4,0.2,0.1
AGAGGAAACA,0.4,0.6,0.3,0,0.1
AGAGGCACTC,0.6,0.3,0.3,0.1,0.3
GGAAGTTAGT,0.4,0.3,0.4,0.3,0
TTGAGGGTAA,0.4,0.3,0.4,0.3,0
AGAATCTAAT,0.2,0.5,0.1,0.3,0.1
AGAGGCGATT,0.5,0.3,0.4,0.2,0.1
AGGGTAAGTA,0.4,0.4,0.4,0.2,0
CTGAGCACAG,0.6,0.3,0.3,0.1,0.3
CTGAGCGGAT,0.6,0.2,0.4,0.2,0.2
GGAAGATAAT,0.3,0.5,0.3,0.2,0
TAGGAAGTAA,0.3,0.5,0.3,0.2,0
AAGAAAGAAA,0.2,0.8,0.2,0,0
AAGAGAATCG,0.4,0.5,0.3,0.1,0.1
AAGAGCACTC,0.5,0.4,0.2,0.1,0.3
AAGGGACAAT,0.4,0.5,0.3,0.1,0.1
AGGGCTGAAA,0.5,0.4,0.4,0.1,0.1
ATGTGGAGGC,0.6,0.2,0.5,0.2,0.1
CGGAAGAAAG,0.5,0.5,0.4,0,0.1
GGAAGATACG,0.5,0.4,0.4,0.1,0.1
TGAGCATACG,0.5,0.3,0.3,0.2,0.2
TGGGTACAAG,0.5,0.3,0.4,0.2,0.1
TGGGTAGTAG,0.5,0.2,0.5,0.3,0
AAGAAAACTC,0.3,0.6,0.1,0.1,0.2
AAGAAATACG,0.3,0.6,0.2,0.1,0.1
AAGAGTAATA,0.2,0.6,0.2,0.2,0
CGAAGAAGAA,0.4,0.6,0.3,0,0.1
CGAAGAAGGC,0.6,0.4,0.4,0,0.2
GGAGTATACG,0.5,0.3,0.4,0.2,0.1
GGGGAGAGTA,0.6,0.3,0.6,0.1,0
GGGGTAAATA,0.4,0.4,0.4,0.2,0
TAGGATGTAT,0.3,0.3,0.3,0.4,0
AAGAAATAGT,0.2,0.6,0.2,0.2,0
AGAAACTGAA,0.3,0.6,0.2,0.1,0.1
AGAATTAGAT,0.2,0.5,0.2,0.3,0
AGGGCTATTA,0.4,0.3,0.3,0.3,0.1
CGGAATTACG,0.5,0.3,0.3,0.2,0.2
CGGGAGCAAA,0.6,0.4,0.4,0,0.2
CGGGAGCAAT,0.6,0.3,0.4,0.1,0.2
GGAGTAAGAA,0.4,0.5,0.4,0.1,0
TAGGAAATGA,0.3,0.5,0.3,0.2,0
TAGGATCAAT,0.3,0.4,0.2,0.3,0.1
AAGAAGAGTA,0.3,0.6,0.3,0.1,0
AAGAGTGAAT,0.3,0.5,0.3,0.2,0
AAGTAGGATA,0.3,0.5,0.3,0.2,0
AGAAAGGAGA,0.4,0.6,0.4,0,0
AGGGCCAGTA,0.6,0.3,0.4,0.1,0.2
CGAAGATAGC,0.5,0.4,0.3,0.1,0.2
CGGAATAGAG,0.5,0.4,0.4,0.1,0.1
GGAAGTTAGA,0.4,0.4,0.4,0.2,0
GGAGAACAAA,0.4,0.6,0.3,0,0.1
GGGGTAGAAT,0.5,0.3,0.5,0.2,0
TAGGACAGAT,0.4,0.4,0.3,0.2,0.1
TAGGACAGGC,0.6,0.3,0.4,0.1,0.2
TAGGACGAAA,0.4,0.5,0.3,0.1,0.1
TGAAACATCG,0.4,0.4,0.2,0.2,0.2
TGAAATTAAT,0.1,0.5,0.1,0.4,0
TGGGTACAAA,0.4,0.4,0.3,0.2,0.1
AAGAGTAAGC,0.4,0.5,0.3,0.1,0.1
AAGTAGTACG,0.4,0.4,0.3,0.2,0.1
AGAATTGAAA,0.2,0.6,0.2,0.2,0
GGAAGTAGGC,0.6,0.3,0.5,0.1,0.1
GGAAGTTAGC,0.5,0.3,0.4,0.2,0.1
GGAGACATCG,0.6,0.3,0.4,0.1,0.2
GGAGACCAAT,0.5,0.4,0.3,0.1,0.2
GGAGAGACGC,0.7,0.3,0.5,0,0.2
GGAGAGGTAT,0.5,0.3,0.5,0.2,0
GGGGAACGAT,0.6,0.3,0.5,0.1,0.1
TCGCGAATTC,0.5,0.2,0.2,0.3,0.3
TGAAAGGTAA,0.3,0.5,0.3,0.2,0
AAGAAAATCG,0.3,0.6,0.2,0.1,0.1
AAGAGGACAG,0.5,0.5,0.4,0,0.1
AGAATAAAAT,0.1,0.7,0.1,0.2,0
AGAATCAAGA,0.3,0.6,0.2,0.1,0.1
AGAGGAAATT,0.3,0.5,0.3,0.2,0
AGAGGTTTAG,0.4,0.3,0.4,0.3,0
AGGGAAATCG,0.5,0.4,0.4,0.1,0.1
CGAAGTGATT,0.4,0.3,0.3,0.3,0.1
GGAAGAATTA,0.3,0.5,0.3,0.2,0
GGAGATAACA,0.4,0.5,0.3,0.1,0.1
GGAGATAGAA,0.4,0.5,0.4,0.1,0
GGAGTAGAAA,0.4,0.5,0.4,0.1,0
TAGGACTAGC,0.5,0.3,0.3,0.2,0.2
TGAAACGAAA,0.3,0.6,0.2,0.1,0.1
TGAAGGGTAG,0.5,0.3,0.5,0.2,0
TGAAGTAATT,0.2,0.4,0.2,0.4,0
TGGGTAGCAG,0.6,0.2,0.5,0.2,0.1
AAGAAAGGGA,0.4,0.6,0.4,0,0
AAGAATACGT,0.3,0.5,0.2,0.2,0.1
AAGGAGACAA,0.4,0.6,0.3,0,0.1
AAGTAGGTAA,0.3,0.5,0.3,0.2,0
AGAAAGGGAG,0.5,0.5,0.5,0,0
AGAGAAATAT,0.2,0.6,0.2,0.2,0
AGAGATGACT,0.4,0.4,0.3,0.2,0.1
AGAGGCGAAA,0.5,0.5,0.4,0,0.1
AGGGACGATC,0.6,0.3,0.4,0.1,0.2
AGGGCAAGAT,0.5,0.4,0.4,0.1,0.1
AGGGGCTACG,0.7,0.2,0.5,0.1,0.2
AGGGTTATCT,0.4,0.2,0.3,0.4,0.1
CGAAGTAGGC,0.6,0.3,0.4,0.1,0.2
CGAAGTGAAA,0.4,0.5,0.3,0.1,0.1
CGGAATGAAA,0.4,0.5,0.3,0.1,0.1
CTGAGCAAAG,0.5,0.4,0.3,0.1,0.2
GGAAGAGTAA,0.4,0.5,0.4,0.1,0
GGAAGATAGC,0.5,0.4,0.4,0.1,0.1
TAGAAGGATA,0.3,0.5,0.3,0.2,0
TAGGACGTAG,0.5,0.3,0.4,0.2,0.1
TAGGATAATC,0.3,0.4,0.2,0.3,0.1
TAGGATTAGT,0.3,0.3,0.3,0.4,0
TCGCGAAGAG,0.6,0.3,0.4,0.1,0.2
TGAAAGTACG,0.4,0.4,0.3,0.2,0.1
TGAAGCTAAA,0.3,0.5,0.2,0.2,0.1
TGGGTATAAA,0.3,0.4,0.3,0.3,0
AAGAGTCAAG,0.4,0.5,0.3,0.1,0.1
AAGGAGGCAG,0.6,0.4,0.5,0,0.1
AGAGGAATGA,0.4,0.5,0.4,0.1,0
AGAGGCGTAT,0.5,0.3,0.4,0.2,0.1
AGGGAAAAAA,0.3,0.7,0.3,0,0
AGGGAAGACT,0.5,0.4,0.4,0.1,0.1
AGGGAGAGTA,0.5,0.4,0.5,0.1,0
AGGGTTAGAG,0.5,0.3,0.5,0.2,0
AGGTGCGATC,0.6,0.2,0.4,0.2,0.2
AGGTGGGTAG,0.6,0.2,0.6,0.2,0
AGTGAGGAAA,0.4,0.5,0.4,0.1,0
CGGAACCGAT,0.6,0.3,0.3,0.1,0.3
CGGAATTGAA,0.4,0.4,0.3,0.2,0.1
CGGATAAAAA,0.3,0.6,0.2,0.1,0.1
GAGGTGAGGC,0.7,0.2,0.6,0.1,0.1
GGAAGAACTC,0.5,0.4,0.3,0.1,0.2
GGAAGTATTA,0.3,0.4,0.3,0.3,0
GGAGAAGAAA,0.4,0.6,0.4,0,0
GGAGAAGATT,0.4,0.4,0.4,0.2,0
GGGGAAATAT,0.4,0.4,0.4,0.2,0
GGGGAATGAA,0.5,0.4,0.5,0.1,0
GGGGACTAGA,0.6,0.3,0.5,0.1,0.1
GGGGTAATGT,0.5,0.2,0.5,0.3,0
TAGGATGAAA,0.3,0.5,0.3,0.2,0
TGAAAATACG,0.3,0.5,0.2,0.2,0.1
TGAAGCAAAT,0.3,0.5,0.2,0.2,0.1
TGAGAATATA,0.2,0.5,0.2,0.3,0
TGAGATGAGA,0.4,0.4,0.4,0.2,0
TGGGAAGTAT,0.4,0.3,0.4,0.3,0
TGGGGAAGTC,0.6,0.2,0.5,0.2,0.1
AAGAAAGAGC,0.4,0.6,0.3,0,0.1
AAGGAAAAAA,0.2,0.8,0.2,0,0
AAGGACAGTA,0.4,0.5,0.3,0.1,0.1
AAGGCGAATT,0.4,0.4,0.3,0.2,0.1
AAGGCGACAA,0.5,0.5,0.3,0,0.2
AAGGCGGACT,0.6,0.3,0.4,0.1,0.2
AAGGGAATTC,0.4,0.4,0.3,0.2,0.1
AAGGGTAAGA,0.4,0.5,0.4,0.1,0
AAGGGTGCAG,0.6,0.3,0.5,0.1,0.1
AAGTGAAAAG,0.3,0.6,0.3,0.1,0
AAGTGATAAA,0.2,0.6,0.2,0.2,0
AGAAGCTGGA,0.5,0.4,0.4,0.1,0.1
AGAAGTTAGT,0.3,0.4,0.3,0.3,0
AGGCAGTTAG,0.5,0.3,0.4,0.2,0.1
AGGGAAATGA,0.4,0.5,0.4,0.1,0
AGGGACTGAA,0.5,0.4,0.4,0.1,0.1
AGGGAGACGC,0.7,0.3,0.5,0,0.2
AGGGCATAGC,0.6,0.3,0.4,0.1,0.2
AGGGGTCAAT,0.5,0.3,0.4,0.2,0.1
AGGTGCGAGC,0.7,0.2,0.5,0.1,0.2
AGGTGGAACA,0.5,0.4,0.4,0.1,0.1
AGTGAGTGAA,0.4,0.4,0.4,0.2,0
CGAAATAGAT,0.3,0.5,0.2,0.2,0.1
CGAAGAACTC,0.5,0.4,0.2,0.1,0.3
CGAAGCAGGT,0.6,0.3,0.4,0.1,0.2
CGAAGGTATA,0.4,0.4,0.3,0.2,0.1
CGGAATCGAT,0.5,0.3,0.3,0.2,0.2
CGGGAGACAA,0.6,0.4,0.4,0,0.2
CTGAGCACGC,0.7,0.2,0.3,0.1,0.4
CTGAGCCGAT,0.6,0.2,0.3,0.2,0.3
GAGGTGGAAA,0.5,0.4,0.5,0.1,0
GGAAAGATGA,0.4,0.5,0.4,0.1,0
GGAACGCTGA,0.6,0.3,0.4,0.1,0.2
GGAACGTGTG,0.6,0.2,0.5,0.2,0.1
GGAAGCAAAG,0.5,0.5,0.4,0,0.1
GGAGAATACG,0.5,0.4,0.4,0.1,0.1
GGAGAATATA,0.3,0.5,0.3,0.2,0
GGAGACGATT,0.5,0.3,0.4,0.2,0.1
TAGGAAAAAT,0.2,0.6,0.2,0.2,0
TCGCGAATGA,0.5,0.3,0.3,0.2,0.2
TGAAACGTAA,0.3,0.5,0.2,0.2,0.1
TGAAGAGACT,0.4,0.4,0.3,0.2,0.1
TGAAGCATAA,0.3,0.5,0.2,0.2,0.1
TGAGAGAATC,0.4,0.4,0.3,0.2,0.1
TGAGAGGTAT,0.4,0.3,0.4,0.3,0
TGGGTAGATA,0.4,0.3,0.4,0.3,0
TTGAGGACTC,0.5,0.2,0.3,0.3,0.2
TTGAGGAGTG,0.5,0.2,0.5,0.3,0
AAGAAAGTAA,0.2,0.7,0.2,0.1,0
AAGAAATAAT,0.1,0.7,0.1,0.2,0
AAGAAGCAAG,0.4,0.6,0.3,0,0.1
AAGAGATATA,0.2,0.6,0.2,0.2,0
AAGAGCGATC,0.5,0.4,0.3,0.1,0.2
AAGGAAAATC,0.3,0.6,0.2,0.1,0.1
AAGGAGAAAA,0.3,0.7,0.3,0,0
AAGGCGTACG,0.6,0.3,0.4,0.1,0.2
AAGGGTAGAT,0.4,0.4,0.4,0.2,0
AAGTAGAGAG,0.4,0.5,0.4,0.1,0
AGAAAGGATC,0.4,0.5,0.3,0.1,0.1
AGAATATAGT,0.2,0.5,0.2,0.3,0
AGAATCACGA,0.4,0.5,0.2,0.1,0.2
AGAGACGAAA,0.4,0.6,0.3,0,0.1
AGAGGAATGC,0.5,0.4,0.4,0.1,0.1
AGGCAGACGG,0.7,0.3,0.5,0,0.2
AGGCAGAGGC,0.7,0.3,0.5,0,0.2
AGGGCGACAG,0.7,0.3,0.5,0,0.2
AGGGGCAGGT,0.7,0.2,0.6,0.1,0.1
AGGGTATAAG,0.4,0.4,0.4,0.2,0
AGGGTGAGAA,0.5,0.4,0.5,0.1,0
AGGTGCAATA,0.4,0.4,0.3,0.2,0.1
CAAAGAAGAT,0.3,0.6,0.2,0.1,0.1
CAAAGAGGAA,0.4,0.6,0.3,0,0.1
CAGGACTGAT,0.5,0.3,0.3,0.2,0.2
CGAAGGTGTG,0.6,0.2,0.5,0.2,0.1
CTGAGCAATC,0.5,0.3,0.2,0.2,0.3
CTGAGCATAT,0.4,0.3,0.2,0.3,0.2
GAGGTGCAAT,0.5,0.3,0.4,0.2,0.1
GAGGTGGTAG,0.6,0.2,0.6,0.2,0
GGAAGCAGAT,0.5,0.4,0.4,0.1,0.1
GGAAGCGAAG,0.6,0.4,0.5,0,0.1
GGAAGCGGAA,0.6,0.4,0.5,0,0.1
GGAAGGAGTA,0.5,0.4,0.5,0.1,0
GGAGATAGAG,0.5,0.4,0.5,0.1,0
GGAGATATTA,0.3,0.4,0.3,0.3,0
GGAGTAATTC,0.4,0.3,0.3,0.3,0.1
GGAGTAGTAT,0.4,0.3,0.4,0.3,0
GGAGTATAGC,0.5,0.3,0.4,0.2,0.1
GGGGACGAAT,0.6,0.3,0.5,0.1,0.1
GGGGTACAAG,0.6,0.3,0.5,0.1,0.1
TAGGAAACAA,0.3,0.6,0.2,0.1,0.1
TAGGAATAAA,0.2,0.6,0.2,0.2,0
TAGGATAATG,0.3,0.4,0.3,0.3,0
TAGGATCAAA,0.3,0.5,0.2,0.2,0.1
TGAAAATATA,0.1,0.6,0.1,0.3,0
TGAAACTAAG,0.3,0.5,0.2,0.2,0.1
TGAAACTATA,0.2,0.5,0.1,0.3,0.1
TGAAATGAGT,0.3,0.4,0.3,0.3,0
TGAGAGATCG,0.5,0.3,0.4,0.2,0.1
TGAGCATAGT,0.4,0.3,0.3,0.3,0.1
TGGGACACAA,0.5,0.4,0.3,0.1,0.2
TGGGAGAGTC,0.6,0.2,0.5,0.2,0.1
TGGGATTACG,0.5,0.2,0.4,0.3,0.1
TGGGGTAGTG,0.6,0.1,0.6,0.3,0
TTGAGGAACA,0.4,0.4,0.3,0.2,0.1
AAGAAAATTA,0.1,0.7,0.1,0.2,0
AAGAATGAAA,0.2,0.7,0.2,0.1,0
AAGAATGATG,0.3,0.5,0.3,0.2,0
AAGAGACAAA,0.3,0.7,0.2,0,0.1
AAGGAAAGAA,0.3,0.7,0.3,0,0
AAGGAATACG,0.4,0.5,0.3,0.1,0.1
AAGGAGGTAT,0.4,0.4,0.4,0.2,0
AAGGATAATG,0.3,0.5,0.3,0.2,0
AAGGATGTGA,0.4,0.4,0.4,0.2,0
AAGGGATAAG,0.4,0.5,0.4,0.1,0
AAGTAGAATG,0.3,0.5,0.3,0.2,0
AAGTAGGATT,0.3,0.4,0.3,0.3,0
AGAAATTGAT,0.2,0.5,0.2,0.3,0
AGAAGAAGGC,0.5,0.5,0.4,0,0.1
AGAAGTGATC,0.4,0.4,0.3,0.2,0.1
AGAATAGAGC,0.4,0.5,0.3,0.1,0.1
AGAATATAGA,0.2,0.6,0.2,0.2,0
AGAATCCGAT,0.4,0.4,0.2,0.2,0.2
AGAATTACGT,0.3,0.4,0.2,0.3,0.1
AGAATTATGA,0.2,0.5,0.2,0.3,0
AGAATTTATA,0.1,0.5,0.1,0.4,0
AGAGAGACGC,0.6,0.4,0.4,0,0.2
AGAGAGAGAA,0.4,0.6,0.4,0,0
AGAGAGTTAT,0.3,0.4,0.3,0.3,0
AGAGATTAGA,0.3,0.5,0.3,0.2,0
AGAGGAACGA,0.5,0.5,0.4,0,0.1
AGAGGCAATG,0.5,0.4,0.4,0.1,0.1
AGAGGCTAGC,0.6,0.3,0.4,0.1,0.2
AGGCAGACTC,0.6,0.3,0.3,0.1,0.3
AGGGAGAAAG,0.5,0.5,0.5,0,0
AGGGCGGAAT,0.6,0.3,0.5,0.1,0.1
AGGGCTTAGT,0.5,0.2,0.4,0.3,0.1
AGGGGAAATA,0.4,0.5,0.4,0.1,0
AGGGGCAATG,0.6,0.3,0.5,0.1,0.1
AGGGGCACAA,0.6,0.4,0.4,0,0.2
AGGGGTACGT,0.6,0.2,0.5,0.2,0.1
AGGGGTATTC,0.5,0.2,0.4,0.3,0.1
AGGGGTCAAA,0.5,0.4,0.4,0.1,0.1
AGGGTAAGAT,0.4,0.4,0.4,0.2,0
AGGTGCACGA,0.6,0.3,0.4,0.1,0.2
AGGTGGACAG,0.6,0.3,0.5,0.1,0.1
AGGTGGTAAG,0.5,0.3,0.5,0.2,0
AGTGAGGCAG,0.6,0.3,0.5,0.1,0.1
ATAGCGATGA,0.4,0.4,0.3,0.2,0.1
CAAAGAAATC,0.3,0.6,0.1,0.1,0.2
CAGGACTACG,0.6,0.3,0.3,0.1,0.3
CGAAATACGC,0.5,0.4,0.2,0.1,0.3
CGAAATCAGA,0.4,0.5,0.2,0.1,0.2
CGAAATTGGA,0.4,0.4,0.3,0.2,0.1
CGAAGGAATA,0.4,0.5,0.3,0.1,0.1
CGGAAGATAA,0.4,0.5,0.3,0.1,0.1
CGGGAGACAG,0.7,0.3,0.5,0,0.2
CGGGAGTAGT,0.6,0.2,0.5,0.2,0.1
CTAAAGAATT,0.2,0.5,0.1,0.3,0.1
CTAAAGCAAT,0.3,0.5,0.1,0.2,0.2
CTAAGAAGAG,0.4,0.5,0.3,0.1,0.1
CTAAGAGTAG,0.4,0.4,0.3,0.2,0.1
CTGAGCGACT,0.6,0.2,0.3,0.2,0.3
CTGAGCTAGG,0.6,0.2,0.4,0.2,0.2
GGAAGCGACT,0.6,0.3,0.4,0.1,0.2
GGAAGTTAAG,0.4,0.4,0.4,0.2,0
GGAGAATAGA,0.4,0.5,0.4,0.1,0
GGAGAATATG,0.4,0.4,0.4,0.2,0
GGAGTAGTAA,0.4,0.4,0.4,0.2,0
GGGGAAGAAA,0.5,0.5,0.5,0,0
GGGGACAAAC,0.6,0.4,0.4,0,0.2
GGGGAGCAAT,0.6,0.3,0.5,0.1,0.1
GGGGTAACAG,0.6,0.3,0.5,0.1,0.1
TAGGAATACG,0.4,0.4,0.3,0.2,0.1
TAGGACTAGT,0.4,0.3,0.3,0.3,0.1
TAGGATGATG,0.4,0.3,0.4,0.3,0
TGAAAAGAAG,0.3,0.6,0.3,0.1,0
TGAAAAGAGC,0.4,0.5,0.3,0.1,0.1
TGAAACTATG,0.3,0.4,0.2,0.3,0.1
TGAAGGATTC,0.4,0.3,0.3,0.3,0.1
TGAGAGACTC,0.5,0.3,0.3,0.2,0.2
TGAGATGAAT,0.3,0.4,0.3,0.3,0
TGGGAAACGA,0.5,0.4,0.4,0.1,0.1
TGGGAACAAT,0.4,0.4,0.3,0.2,0.1
TGGGAAGTAG,0.5,0.3,0.5,0.2,0
TGGGTAATAT,0.3,0.3,0.3,0.4,0
TGGGTAGAAG,0.5,0.3,0.5,0.2,0
AAGAAAATAT,0.1,0.7,0.1,0.2,0
AAGAAATAAA,0.1,0.8,0.1,0.1,0
AAGAAATTAG,0.2,0.6,0.2,0.2,0
AAGAAGTGAA,0.3,0.6,0.3,0.1,0
AAGAAGTGGC,0.5,0.4,0.4,0.1,0.1
AAGAATTAAG,0.2,0.6,0.2,0.2,0
AAGAGAAGTC,0.4,0.5,0.3,0.1,0.1
AAGAGAGGAA,0.4,0.6,0.4,0,0
AAGAGAGTAG,0.4,0.5,0.4,0.1,0
AAGAGATGTG,0.4,0.4,0.4,0.2,0
AAGAGCCGTG,0.6,0.3,0.4,0.1,0.2
AAGAGCGGAA,0.5,0.5,0.4,0,0.1
AAGAGTTGAA,0.3,0.5,0.3,0.2,0
AAGGATATAA,0.2,0.6,0.2,0.2,0
AAGGGAAATG,0.4,0.5,0.4,0.1,0
AAGGGAGAAG,0.5,0.5,0.5,0,0
AAGGGATAAA,0.3,0.6,0.3,0.1,0
AAGGGATGTG,0.5,0.3,0.5,0.2,0
AAGGGTTGGT,0.5,0.2,0.5,0.3,0
AAGTAGTAGC,0.4,0.4,0.3,0.2,0.1
AAGTGAGTGA,0.4,0.4,0.4,0.2,0
AAGTGATTAG,0.3,0.4,0.3,0.3,0
AGAAACAAGC,0.4,0.6,0.2,0,0.2
AGAAACCAAA,0.3,0.7,0.1,0,0.2
AGAAAGTGAA,0.3,0.6,0.3,0.1,0
AGAAATATAT,0.1,0.6,0.1,0.3,0
AGAAATCAAG,0.3,0.6,0.2,0.1,0.1
AGAAATTAGA,0.2,0.6,0.2,0.2,0
AGAAGAGAGT,0.4,0.5,0.4,0.1,0
AGAAGTCGAT,0.4,0.4,0.3,0.2,0.1
AGAAGTGTAG,0.4,0.4,0.4,0.2,0
AGAATATGGA,0.3,0.5,0.3,0.2,0
AGAATATTAG,0.2,0.5,0.2,0.3,0
AGAATCAATG,0.3,0.5,0.2,0.2,0.1
AGAATCTGTG,0.4,0.3,0.3,0.3,0.1
AGAATTAGAG,0.3,0.5,0.3,0.2,0
AGAATTATAT,0.1,0.5,0.1,0.4,0
AGAGAAAAAT,0.2,0.7,0.2,0.1,0
AGAGAAATTA,0.2,0.6,0.2,0.2,0
AGAGAAGATA,0.3,0.6,0.3,0.1,0
AGAGAAGATG,0.4,0.5,0.4,0.1,0
AGAGAATTAA,0.2,0.6,0.2,0.2,0
AGAGAGAGAT,0.4,0.5,0.4,0.1,0
AGAGAGATCA,0.4,0.5,0.3,0.1,0.1
AGAGAGATTG,0.4,0.4,0.4,0.2,0
AGAGATTAAG,0.3,0.5,0.3,0.2,0
AGAGGAACAA,0.4,0.6,0.3,0,0.1
AGAGGATAGC,0.5,0.4,0.4,0.1,0.1
AGAGGCGGAT,0.6,0.3,0.5,0.1,0.1
AGAGGCTATG,0.5,0.3,0.4,0.2,0.1
AGAGGTTAGG,0.5,0.3,0.5,0.2,0
AGGCAGATTA,0.4,0.4,0.3,0.2,0.1
AGGGAATAGT,0.4,0.4,0.4,0.2,0
AGGGACAATC,0.5,0.4,0.3,0.1,0.2
AGGGACAGGA,0.6,0.4,0.5,0,0.1
AGGGACATAT,0.4,0.4,0.3,0.2,0.1
AGGGACATGA,0.5,0.4,0.4,0.1,0.1
AGGGACGTAG,0.6,0.3,0.5,0.1,0.1
AGGGATAACA,0.4,0.5,0.3,0.1,0.1
AGGGCAAGGT,0.6,0.3,0.5,0.1,0.1
AGGGCATAAT,0.4,0.4,0.3,0.2,0.1
AGGGCCGTGA,0.7,0.2,0.5,0.1,0.2
AGGGGAACAG,0.6,0.4,0.5,0,0.1
AGGGGTAACA,0.5,0.4,0.4,0.1,0.1
AGGGTAGCAG,0.6,0.3,0.5,0.1,0.1
AGGGTGAGAT,0.5,0.3,0.5,0.2,0
AGGGTGGGAT,0.6,0.2,0.6,0.2,0
AGGTGCTAGG,0.6,0.2,0.5,0.2,0.1
AGTGAGAATT,0.3,0.4,0.3,0.3,0
AGTGAGGTAA,0.4,0.4,0.4,0.2,0
ATAGAGGAAG,0.4,0.5,0.4,0.1,0
ATAGATGAAA,0.2,0.6,0.2,0.2,0
ATAGCGATCG,0.5,0.3,0.3,0.2,0.2
ATAGCGGTAA,0.4,0.4,0.3,0.2,0.1
ATGTGGACGG,0.6,0.2,0.5,0.2,0.1
ATGTGGGGAA,0.5,0.3,0.5,0.2,0
ATGTGGTAAT,0.3,0.3,0.3,0.4,0
CAGGACAGAG,0.6,0.4,0.4,0,0.2
CAGGACATCA,0.5,0.4,0.2,0.1,0.3
CGAAATAATG,0.3,0.5,0.2,0.2,0.1
CGAAATGTAG,0.4,0.4,0.3,0.2,0.1
CGAAATTAGT,0.3,0.4,0.2,0.3,0.1
CGAAATTGAA,0.3,0.5,0.2,0.2,0.1
CGAAGAATGC,0.5,0.4,0.3,0.1,0.2
CGAAGCTGGT,0.6,0.2,0.4,0.2,0.2
CGAAGCTTAA,0.4,0.4,0.2,0.2,0.2
CGAAGGATTA,0.4,0.4,0.3,0.2,0.1
CGAAGGCAAA,0.5,0.5,0.3,0,0.2
CGAAGGGAGA,0.6,0.4,0.5,0,0.1
CGAAGGGATA,0.5,0.4,0.4,0.1,0.1
CGAAGGGATT,0.5,0.3,0.4,0.2,0.1
CGAAGGGTAG,0.6,0.3,0.5,0.1,0.1
CGAAGTATGG,0.5,0.3,0.4,0.2,0.1
CGGAACGAAA,0.5,0.5,0.3,0,0.2
CGGAACGGAG,0.7,0.3,0.5,0,0.2
CGGATAATTG,0.4,0.3,0.3,0.3,0.1
CGGATACAAT,0.4,0.4,0.2,0.2,0.2
CGGGAGATGG,0.7,0.2,0.6,0.1,0.1
CGGGAGGACT,0.7,0.2,0.5,0.1,0.2
CTAAGATTAT,0.2,0.4,0.1,0.4,0.1
CTGAGCTAAG,0.5,0.3,0.3,0.2,0.2
CTGAGCTGGA,0.6,0.2,0.4,0.2,0.2
GGAAGCACTC,0.6,0.3,0.3,0.1,0.3
GGAAGTATGC,0.5,0.3,0.4,0.2,0.1
GGAAGTTAAA,0.3,0.5,0.3,0.2,0
GGAGAACAAG,0.5,0.5,0.4,0,0.1
GGAGAATGAA,0.4,0.5,0.4,0.1,0
GGAGACACGA,0.6,0.4,0.4,0,0.2
GGAGACGAAA,0.5,0.5,0.4,0,0.1
GGAGACGGAA,0.6,0.4,0.5,0,0.1
GGAGATCAAA,0.4,0.5,0.3,0.1,0.1
GGAGTAAATG,0.4,0.4,0.4,0.2,0
GGAGTAACAG,0.5,0.4,0.4,0.1,0.1
GGAGTAATAG,0.4,0.4,0.4,0.2,0
GGGGAAATGG,0.6,0.3,0.6,0.1,0
GGGGAATGGC,0.7,0.2,0.6,0.1,0.1
GGGGACCAAG,0.7,0.3,0.5,0,0.2
GGGGAGACTC,0.7,0.2,0.5,0.1,0.2
GGGGATAGAT,0.5,0.3,0.5,0.2,0
GGGGATTAAT,0.4,0.3,0.4,0.3,0
GGGGTAGCAG,0.7,0.2,0.6,0.1,0.1
TAGAAGTGGT,0.4,0.3,0.4,0.3,0
TAGAATAGGA,0.3,0.5,0.3,0.2,0
TAGGAACGTG,0.5,0.3,0.4,0.2,0.1
TAGGACAAAA,0.3,0.6,0.2,0.1,0.1
TAGGAGGATT,0.4,0.3,0.4,0.3,0
TGAAAAATAA,0.1,0.7,0.1,0.2,0
TGAAAAATTA,0.1,0.6,0.1,0.3,0
TGAAAATTAG,0.2,0.5,0.2,0.3,0
TGAAAGTGGC,0.5,0.3,0.4,0.2,0.1
TGAAATGATT,0.2,0.4,0.2,0.4,0
TGAAGAAAAG,0.3,0.6,0.3,0.1,0
TGAAGAATAA,0.2,0.6,0.2,0.2,0
TGAAGAATAG,0.3,0.5,0.3,0.2,0
TGAAGATAGG,0.4,0.4,0.4,0.2,0
TGAAGCATGG,0.5,0.3,0.4,0.2,0.1
TGAAGGAGAT,0.4,0.4,0.4,0.2,0
TGAAGTAATA,0.2,0.5,0.2,0.3,0
TGAAGTAATG,0.3,0.4,0.3,0.3,0
TGAGAGATTA,0.3,0.4,0.3,0.3,0
TGAGATAATA,0.2,0.5,0.2,0.3,0
TGAGATGCAG,0.5,0.3,0.4,0.2,0.1
TGAGATGTAT,0.3,0.3,0.3,0.4,0
TGAGATTAGA,0.3,0.4,0.3,0.3,0
TGAGATTATA,0.2,0.4,0.2,0.4,0
TGAGCAATAG,0.4,0.4,0.3,0.2,0.1
TGAGCAGAAA,0.4,0.5,0.3,0.1,0.1
TGAGCATTAG,0.4,0.3,0.3,0.3,0.1
TGGGACATTG,0.5,0.2,0.4,0.3,0.1
TGGGACGTGA,0.6,0.2,0.5,0.2,0.1
TGGGAGCAAA,0.5,0.4,0.4,0.1,0.1
TGGGGAAAAA,0.4,0.5,0.4,0.1,0
TGGGGACAAA,0.5,0.4,0.4,0.1,0.1
TGGGGACGAT,0.6,0.2,0.5,0.2,0.1
TGGGGAGGAG,0.7,0.2,0.7,0.1,0
TGGGGGAATA,0.5,0.3,0.5,0.2,0
TGGGTAATGA,0.4,0.3,0.4,0.3,0
TTGAGGAAAG,0.4,0.4,0.4,0.2,0
TTGAGGAAGC,0.5,0.3,0.4,0.2,0.1
TTGAGGCAAG,0.5,0.3,0.4,0.2,0.1
TTGAGGGAGC,0.6,0.2,0.5,0.2,0.1
AAGAAAAGGC,0.4,0.6,0.3,0,0.1
AAGAAACAAA,0.2,0.8,0.1,0,0.1
AAGAACAGGA,0.4,0.6,0.3,0,0.1
AAGAACGATT,0.3,0.5,0.2,0.2,0.1
AAGAAGAAAT,0.2,0.7,0.2,0.1,0
AAGAAGAGGT,0.4,0.5,0.4,0.1,0
AAGAGAAAAG,0.3,0.7,0.3,0,0
AAGAGAAATG,0.3,0.6,0.3,0.1,0
AAGAGAAATT,0.2,0.6,0.2,0.2,0
AAGAGAATAT,0.2,0.6,0.2,0.2,0
AAGAGAATGC,0.4,0.5,0.3,0.1,0.1
AAGAGCACGG,0.6,0.4,0.4,0,0.2
AAGAGCACGT,0.5,0.4,0.3,0.1,0.2
AAGAGCATTA,0.3,0.5,0.2,0.2,0.1
AAGAGCGGGA,0.6,0.4,0.5,0,0.1
AAGAGCTAGT,0.4,0.4,0.3,0.2,0.1
AAGAGGACGT,0.5,0.4,0.4,0.1,0.1
AAGAGGATAT,0.3,0.5,0.3,0.2,0
AAGAGTACGC,0.5,0.4,0.3,0.1,0.2
AAGGAAATGA,0.3,0.6,0.3,0.1,0
AAGGAAGATA,0.3,0.6,0.3,0.1,0
AAGGAATAAT,0.2,0.6,0.2,0.2,0
AAGGAGATTA,0.3,0.5,0.3,0.2,0
AAGGATAGGT,0.4,0.4,0.4,0.2,0
AAGGATCGAT,0.4,0.4,0.3,0.2,0.1
AAGGATGATG,0.4,0.4,0.4,0.2,0
AAGGCGTGAT,0.5,0.3,0.4,0.2,0.1
AAGGGTGAAG,0.5,0.4,0.5,0.1,0
AAGGGTGGAA,0.5,0.4,0.5,0.1,0
AAGGGTTAAT,0.3,0.4,0.3,0.3,0
ACAGAGATCT,0.4,0.4,0.2,0.2,0.2
AGAAACAATA,0.2,0.7,0.1,0.1,0.1
AGAAACACGG,0.5,0.5,0.3,0,0.2
AGAAACGCAG,0.5,0.5,0.3,0,0.2
AGAAACTGGA,0.4,0.5,0.3,0.1,0.1
AGAAAGAAGC,0.4,0.6,0.3,0,0.1
AGAACGAAAG,0.4,0.6,0.3,0,0.1
AGAACGTGAA,0.4,0.5,0.3,0.1,0.1
AGAACGTTAA,0.3,0.5,0.2,0.2,0.1
AGAAGAAAGC,0.4,0.6,0.3,0,0.1
AGAAGAACGA,0.4,0.6,0.3,0,0.1
AGAAGAATGA,0.3,0.6,0.3,0.1,0
AGAAGTACGG,0.5,0.4,0.4,0.1,0.1
AGAAGTATTG,0.3,0.4,0.3,0.3,0
AGAAGTGAGT,0.4,0.4,0.4,0.2,0
AGAATAGTGA,0.3,0.5,0.3,0.2,0
AGAATCGAAA,0.3,0.6,0.2,0.1,0.1
AGAATCGAAT,0.3,0.5,0.2,0.2,0.1
AGAATCTGAT,0.3,0.4,0.2,0.3,0.1
AGAATTGAGT,0.3,0.4,0.3,0.3,0
AGAGAAGGAT,0.4,0.5,0.4,0.1,0
AGAGACATAG,0.4,0.5,0.3,0.1,0.1
AGAGAGAGAG,0.5,0.5,0.5,0,0
AGAGAGCAAG,0.5,0.5,0.4,0,0.1
AGAGAGTAGG,0.5,0.4,0.5,0.1,0
AGAGATAGGT,0.4,0.4,0.4,0.2,0
AGAGGCATAT,0.4,0.4,0.3,0.2,0.1
AGAGGCATTG,0.5,0.3,0.4,0.2,0.1
AGAGGCTAGA,0.5,0.4,0.4,0.1,0.1
AGGCAGTAGC,0.6,0.3,0.4,0.1,0.2
AGGCAGTGAA,0.5,0.4,0.4,0.1,0.1
AGGGAAGATG,0.5,0.4,0.5,0.1,0
AGGGACAGGT,0.6,0.3,0.5,0.1,0.1
AGGGATCAAT,0.4,0.4,0.3,0.2,0.1
AGGGCAGTGA,0.6,0.3,0.5,0.1,0.1
AGGGCATAGT,0.5,0.3,0.4,0.2,0.1
AGGGCGAAAA,0.5,0.5,0.4,0,0.1
AGGGCTTGAA,0.5,0.3,0.4,0.2,0.1
AGGGGAATTG,0.5,0.3,0.5,0.2,0
AGGGGATAGT,0.5,0.3,0.5,0.2,0
AGGGGCAGGA,0.7,0.3,0.6,0,0.1
AGGGGCATAA,0.5,0.4,0.4,0.1,0.1
AGGGGCGAAG,0.7,0.3,0.6,0,0.1
AGGGGTATAA,0.4,0.4,0.4,0.2,0
AGGGGTGATC,0.6,0.2,0.5,0.2,0.1
AGGGGTGATG,0.6,0.2,0.6,0.2,0
AGGGGTTACG,0.6,0.2,0.5,0.2,0.1
AGGGTAAGGT,0.5,0.3,0.5,0.2,0
AGGGTAGGAT,0.5,0.3,0.5,0.2,0
AGGGTATGGC,0.6,0.2,0.5,0.2,0.1
AGGGTGATTA,0.4,0.3,0.4,0.3,0
AGGGTTGGAT,0.5,0.2,0.5,0.3,0
AGGTGCACAG,0.6,0.3,0.4,0.1,0.2
AGGTGCAGGA,0.6,0.3,0.5,0.1,0.1
AGGTGCAGGT,0.6,0.2,0.5,0.2,0.1
AGGTGCATAG,0.5,0.3,0.4,0.2,0.1
AGGTGGGATG,0.6,0.2,0.6,0.2,0
AGTGAGACAA,0.4,0.5,0.3,0.1,0.1
AGTGAGATAG,0.4,0.4,0.4,0.2,0
AGTGAGGAGT,0.5,0.3,0.5,0.2,0
ATAGAGAGAT,0.3,0.5,0.3,0.2,0
ATAGAGATTC,0.3,0.4,0.2,0.3,0.1
ATAGATACGG,0.4,0.4,0.3,0.2,0.1
ATAGCGATAA,0.3,0.5,0.2,0.2,0.1
ATAGCGCAAA,0.4,0.5,0.2,0.1,0.2
ATAGCGTAAG,0.4,0.4,0.3,0.2,0.1
ATAGCGTGGC,0.6,0.2,0.4,0.2,0.2
ATGTGGAAGC,0.5,0.3,0.4,0.2,0.1
ATGTGGAGAG,0.5,0.3,0.5,0.2,0
ATGTGGATGC,0.5,0.2,0.4,0.3,0.1
ATGTGGTATA,0.3,0.3,0.3,0.4,0
CAGGACAGAA,0.5,0.5,0.3,0,0.2
CAGGACAGAT,0.5,0.4,0.3,0.1,0.2
CAGGACATGA,0.5,0.4,0.3,0.1,0.2
CAGGACATTA,0.4,0.4,0.2,0.2,0.2
CAGGACGAAG,0.6,0.4,0.4,0,0.2
CGAAATATAG,0.3,0.5,0.2,0.2,0.1
CGAAATGAAG,0.4,0.5,0.3,0.1,0.1
CGAAATTAGA,0.3,0.5,0.2,0.2,0.1
CGAAGAATAA,0.3,0.6,0.2,0.1,0.1
CGAAGAGAAA,0.4,0.6,0.3,0,0.1
CGAAGCGGAT,0.6,0.3,0.4,0.1,0.2
CGGAAGAAGC,0.6,0.4,0.4,0,0.2
CGGAATAATC,0.4,0.4,0.2,0.2,0.2
CGGAATCAAA,0.4,0.5,0.2,0.1,0.2
CGGAATGATA,0.4,0.4,0.3,0.2,0.1
CGGAATGGAG,0.6,0.3,0.5,0.1,0.1
CGGAATTAAA,0.3,0.5,0.2,0.2,0.1
CGGATATAAA,0.3,0.5,0.2,0.2,0.1
CGGGAGACGT,0.7,0.2,0.5,0.1,0.2
CGGGAGATTA,0.5,0.3,0.4,0.2,0.1
CTAAAGAAGA,0.3,0.6,0.2,0.1,0.1
CTAAAGGAAT,0.3,0.5,0.2,0.2,0.1
CTAAAGGATA,0.3,0.5,0.2,0.2,0.1
CTAAGAATTA,0.2,0.5,0.1,0.3,0.1
CTAAGAATTC,0.3,0.4,0.1,0.3,0.2
CTAAGAGATA,0.3,0.5,0.2,0.2,0.1
CTAAGAGCAG,0.5,0.4,0.3,0.1,0.2
CTAAGAGTAA,0.3,0.5,0.2,0.2,0.1
CTGAGCTACA,0.5,0.3,0.2,0.2,0.3
GAGGTGAAGC,0.6,0.3,0.5,0.1,0.1
GAGGTGAATC,0.5,0.3,0.4,0.2,0.1
GAGGTGAGGA,0.6,0.3,0.6,0.1,0
GAGGTGATGT,0.5,0.2,0.5,0.3,0
GAGGTGGACT,0.6,0.2,0.5,0.2,0.1
GGAAAGCGAT,0.5,0.4,0.4,0.1,0.1
GGAAAGGAAA,0.4,0.6,0.4,0,0
GGAAGAGATT,0.4,0.4,0.4,0.2,0
GGAAGATAGA,0.4,0.5,0.4,0.1,0
GGAAGCATGA,0.5,0.4,0.4,0.1,0.1
GGAAGCGAGC,0.7,0.3,0.5,0,0.2
GGAAGGAGAA,0.5,0.5,0.5,0,0
GGAAGGAGCA,0.6,0.4,0.5,0,0.1
GGAAGTAAGC,0.5,0.4,0.4,0.1,0.1
GGAGAAACGA,0.5,0.5,0.4,0,0.1
GGAGAAGAGC,0.6,0.4,0.5,0,0.1
GGAGACAGGC,0.7,0.3,0.5,0,0.2
GGAGAGAGGT,0.6,0.3,0.6,0.1,0
GGAGATGAGA,0.5,0.4,0.5,0.1,0
GGAGATGATC,0.5,0.3,0.4,0.2,0.1
GGAGATTATG,0.4,0.3,0.4,0.3,0
GGAGATTGTG,0.5,0.2,0.5,0.3,0
GGAGTAAACA,0.4,0.5,0.3,0.1,0.1
GGAGTATAAA,0.3,0.5,0.3,0.2,0
GGGGAAGAGT,0.6,0.3,0.6,0.1,0
GGGGAATGGA,0.6,0.3,0.6,0.1,0
GGGGACAAAG,0.6,0.4,0.5,0,0.1
GGGGACAGAG,0.7,0.3,0.6,0,0.1
GGGGAGTGAT,0.6,0.2,0.6,0.2,0
GGGGTAAAGC,0.6,0.3,0.5,0.1,0.1
GGGGTAACGA,0.6,0.3,0.5,0.1,0.1
GGGGTATGTG,0.6,0.1,0.6,0.3,0
TAGAAGATTG,0.3,0.4,0.3,0.3,0
TAGAAGCGTG,0.5,0.3,0.4,0.2,0.1
TAGAATCGTG,0.4,0.3,0.3,0.3,0.1
TAGGAAATGT,0.3,0.4,0.3,0.3,0
TAGGAAGGAA,0.4,0.5,0.4,0.1,0
TAGGAATGTG,0.4,0.3,0.4,0.3,0
TAGGACGTAA,0.4,0.4,0.3,0.2,0.1
TAGGACTGTG,0.5,0.2,0.4,0.3,0.1
TAGGAGGGGA,0.6,0.3,0.6,0.1,0
TAGGATTATG,0.3,0.3,0.3,0.4,0
TGAAAAACGG,0.4,0.5,0.3,0.1,0.1
TGAAACATGG,0.4,0.4,0.3,0.2,0.1
TGAAACTGAA,0.3,0.5,0.2,0.2,0.1
TGAAAGTAAA,0.2,0.6,0.2,0.2,0
TGAAGAATTA,0.2,0.5,0.2,0.3,0
TGAAGAGAGT,0.4,0.4,0.4,0.2,0
TGAAGCACGT,0.5,0.3,0.3,0.2,0.2
TGAAGCTGGT,0.5,0.2,0.4,0.3,0.1
TGAAGCTTAA,0.3,0.4,0.2,0.3,0.1
TGAAGGAATG,0.4,0.4,0.4,0.2,0
TGAAGGGTAA,0.4,0.4,0.4,0.2,0
TGAAGTACAG,0.4,0.4,0.3,0.2,0.1
TGAAGTATGG,0.4,0.3,0.4,0.3,0
TGAAGTTAAG,0.3,0.4,0.3,0.3,0
TGAGAGAATG,0.4,0.4,0.4,0.2,0
TGAGAGCAAA,0.4,0.5,0.3,0.1,0.1
TGAGATGGAA,0.4,0.4,0.4,0.2,0
TGAGCAAGGT,0.5,0.3,0.4,0.2,0.1
TGGGAAAGGC,0.6,0.3,0.5,0.1,0.1
TGGGAAATAG,0.4,0.4,0.4,0.2,0
TGGGAAATCG,0.5,0.3,0.4,0.2,0.1
TGGGAGAAGA,0.5,0.4,0.5,0.1,0
TGGGGAAGAG,0.6,0.3,0.6,0.1,0
TGGGGAGGAT,0.6,0.2,0.6,0.2,0
TGGGGCAAGC,0.7,0.2,0.5,0.1,0.2
TGGGGCATTC,0.6,0.1,0.4,0.3,0.2
TGGGGGATAG,0.6,0.2,0.6,0.2,0
TGGGGGTAGA,0.6,0.2,0.6,0.2,0
TGGGGTAGAA,0.5,0.3,0.5,0.2,0
TGGGTATAAG,0.4,0.3,0.4,0.3,0
TGGGTATAGC,0.5,0.2,0.4,0.3,0.1
TGGGTATGAA,0.4,0.3,0.4,0.3,0
TGGGTATGTG,0.5,0.1,0.5,0.4,0
TGGGTATTAA,0.3,0.3,0.3,0.4,0
TTGAGGATTA,0.3,0.3,0.3,0.4,0
TTGAGGGGAT,0.5,0.2,0.5,0.3,0
